method,PC1_variance,PC2_variance
basic_descriptors,0.3998617145868731,0.28256338228544037
mfcc_features,0.30803868458190425,0.1697796439524951
