component,explained_variance
PC1,0.28017286888569143
PC2,0.16338552637515463
