method,PC1_variance,PC2_variance
TF-IDF,0.018366315984833452,0.017539360081182995
all-MiniLM-L6-v2,0.05486132949590683,0.04612070694565773
