method,n_clusters,silhouette_score
TF-IDF,8,-0.008619613303228404
all-MiniLM-L6-v2,8,0.03886565938591957
